,0
0,113.08
1,13.52
2,1.28
3,0.04
4,9.68
5,6.52
6,12.76
7,2.32
8,3.76
9,0.04
10,4.2
11,5.48
12,2.16
13,4.2
14,7.56
15,0.04
16,4.44
17,9.4
18,3.04
19,0.04
20,0.0
21,46.52
22,18.0
23,0.04
24,1.28
25,0.04
26,0.16
27,4.32
28,20.96
29,97.08
30,9.04
31,0.08
32,0.04
33,0.04
34,1.8
35,0.04
36,30.64
37,25.2
38,0.04
39,0.04
40,0.04
41,0.08
42,0.04
43,0.04
44,8.56
45,0.08
46,10.52
47,0.04
48,5.8
49,5.44
50,51.08
51,0.2
52,8.64
53,0.08
54,0.04
55,0.04
56,0.04
57,0.04
58,3.88
59,0.08
60,0.04
61,0.12
62,0.16
63,38.84
64,0.04
65,30.16
66,38.04
67,0.08
68,3.88
69,0.12
70,11.72
71,0.04
72,0.04
73,0.12
74,2.48
75,0.04
76,10.32
77,0.04
78,2.16
79,0.04
80,35.4
81,0.08
82,0.04
83,0.04
84,0.04
85,0.08
86,0.04
87,0.08
88,0.04
89,0.04
90,0.04
91,3.72
92,0.12
93,30.32
94,4.28
95,0.04
96,7.12
97,0.04
98,3.76
99,0.04
100,0.04
101,0.04
102,0.16
103,0.16
104,4.52
105,0.04
106,0.04
107,2.44
108,0.04
109,2.68
110,2.32
111,1.4
112,0.08
113,2.84
114,5.84
115,0.36
116,0.04
117,0.08
118,1.32
119,18.6
120,0.16
121,5.68
122,10.88
123,10.6
124,0.04
125,0.04
126,3.6
127,3.12
128,8.4
129,7.96
130,0.12
131,0.04
132,0.04
133,0.04
134,0.08
135,1.0
136,0.24
137,0.52
138,0.04
139,0.2
140,13.36
141,5.16
142,0.04
143,0.12
144,1.92
145,0.04
146,49.16
147,0.08
148,0.08
149,0.04
150,1.16
151,0.08
152,0.04
153,0.04
154,0.04
155,15.56
156,0.08
157,0.04
158,0.08
159,21.4
160,0.08
161,4.8
162,0.08
163,0.04
164,5.64
165,0.04
166,8.4
167,0.04
168,7.56
169,0.28
170,0.04
171,2.44
172,6.4
173,7.72
174,8.12
175,5.2
176,0.12
177,0.04
178,0.04
179,0.08
180,0.2
181,0.04
182,0.08
183,0.0
184,3.16
185,3.28
186,0.04
187,0.04
188,3.64
189,9.68
190,0.08
191,0.04
192,0.04
193,2.44
194,0.16
195,1.56
196,0.08
197,0.04
198,0.04
199,3.48
200,0.04
201,4.04
202,0.04
203,0.04
204,12.96
205,0.04
206,0.04
207,0.04
208,0.04
209,12.24
210,0.04
211,0.12
212,7.0
213,0.04
214,7.16
215,0.08
216,0.04
217,7.0
218,5.4
219,0.04
220,0.2
221,0.08
222,0.04
223,0.04
224,0.2
225,0.92
226,0.16
227,0.04
228,0.08
229,0.04
230,1.32
231,6.88
232,2.4
233,0.04
234,3.32
235,0.04
236,9.68
237,56.88
238,0.04
239,0.04
240,21.36
241,0.0
242,2.4
243,0.04
244,0.04
245,137.36
246,0.24
247,0.16
248,0.04
249,0.04
250,10.56
251,0.28
252,0.16
253,0.04
254,48.96
255,1.52
256,0.08
257,0.04
258,25.48
259,71.64
260,0.04
261,0.04
262,3.76
263,3.64
264,4.24
265,0.04
266,1.36
267,7.44
268,1.52
269,3.92
270,2.08
271,1.92
272,0.08
273,2.72
274,2.48
275,2.96
276,2.24
277,1.44
278,1.32
279,0.04
280,1.6
281,0.04
282,1.52
283,3.24
284,0.8
285,0.04
286,0.56
287,0.8
288,0.04
289,0.04
290,1.6
291,2.08
292,2.48
293,1.04
294,1.24
295,3.64
296,0.84
297,0.04
298,2.2
299,3.44
300,0.04
301,0.08
302,1.68
303,0.04
304,12.12
305,0.08
306,61.48
307,0.04
308,0.04
309,5.8
310,0.2
311,0.04
312,0.04
313,0.04
314,6.68
315,7.84
316,0.04
317,0.04
318,14.24
319,0.08
320,0.04
321,4.16
322,0.04
323,2.6
324,0.04
325,0.04
326,0.08
327,0.04
328,0.04
329,0.04
330,6.2
331,0.04
332,0.04
333,0.04
334,0.08
335,0.04
336,0.04
337,0.04
338,0.04
339,0.12
340,0.12
341,0.04
342,4.04
343,0.04
344,5.8
345,0.08
346,0.08
347,43.8
348,0.2
349,0.12
350,0.04
351,0.04
352,0.04
353,17.24
354,1.68
355,2.68
356,7.76
357,2.04
358,3.64
359,0.04
360,0.04
361,0.04
362,0.04
363,0.04
364,4.96
365,2.08
366,0.04
367,3.8
368,0.04
369,0.04
370,0.04
371,5.08
372,0.08
373,0.04
374,1.52
375,0.04
376,0.04
377,0.04
378,0.24
379,2.36
380,0.04
381,3.8
382,0.04
383,3.44
384,2.68
385,0.04
386,0.04
387,5.76
388,0.16
389,0.04
390,5.04
391,0.04
392,4.24
393,30.88
394,8.04
395,0.04
396,0.04
397,3.32
398,41.2
399,0.04
400,3.2
401,0.04
402,11.52
403,2.4
404,3.76
405,0.08
406,0.2
407,0.28
408,0.04
409,0.16
410,0.12
411,17.4
412,0.04
413,13.28
414,0.04
415,0.0
416,1.92
417,1.84
418,0.04
419,1.96
420,0.08
421,1.6
422,0.04
423,0.04
424,0.04
425,3.4
426,0.04
427,7.2
428,14.2
429,0.04
430,9.16
431,0.04
432,7.52
433,0.0
434,0.04
435,3.08
436,0.04
437,4.8
438,0.04
439,2.64
440,0.04
441,6.88
442,52.84
443,0.0
444,0.28
445,0.12
446,0.52
447,0.2
448,0.04
449,0.04
450,4.44
451,0.04
452,10.88
453,25.76
454,0.08
455,0.04
456,7.72
457,0.16
458,36.56
459,9.32
460,6.84
461,2.76
462,0.2
463,50.68
464,0.04
465,0.04
466,7.36
467,0.04
468,38.32
469,0.08
470,0.04
471,0.04
472,13.2
473,0.04
474,0.04
475,3.08
476,4.84
477,2.68
478,8.4
479,2.44
480,4.8
481,1.24
482,0.04
483,8.56
484,3.68
485,24.96
486,0.04
487,0.08
488,9.6
489,0.04
490,0.04
491,0.04
492,1.16
493,0.04
494,0.04
495,0.88
496,0.08
497,0.04
498,1.08
499,0.12
500,1.24
501,0.04
502,55.24
503,6.56
504,0.08
505,0.04
506,0.04
507,6.64
508,0.12
509,0.04
510,0.04
511,9.84
512,16.88
513,0.24
514,6.8
515,0.04
516,0.04
517,0.04
518,1.6
519,0.2
520,0.04
521,0.04
522,0.04
523,7.2
524,0.44
525,0.48
526,0.08
527,0.08
528,0.12
529,0.04
530,2.56
531,0.08
532,1.08
533,2.24
534,0.04
535,2.72
536,2.32
537,1.0
538,3.28
539,0.04
540,2.68
541,1.28
542,3.16
543,0.08
544,2.2
545,7.08
546,13.16
547,0.04
548,0.12
549,0.12
550,8.16
551,0.04
552,6.8
553,0.12
554,0.08
555,0.04
556,6.48
557,0.04
558,0.08
559,14.0
560,0.04
561,0.08
562,0.04
563,60.16
564,0.12
565,0.04
566,0.04
567,3.84
568,0.04
569,8.08
570,0.12
571,0.04
572,0.04
573,10.92
574,0.04
575,0.08
576,0.04
577,0.04
578,7.48
579,27.08
580,0.04
581,14.16
582,0.04
583,0.04
584,0.04
585,19.84
586,23.2
587,0.04
588,14.0
589,5.04
590,6.76
591,18.48
592,0.04
593,0.04
594,0.04
595,47.88
596,46.84
597,0.04
598,26.28
599,0.04
600,5.48
601,0.08
602,0.04
603,0.04
604,7.92
605,0.12
606,0.04
607,11.64
608,0.12
609,5.48
610,0.08
611,0.04
612,5.04
613,0.08
614,0.08
615,2.44
616,11.08
617,3.32
618,3.64
619,7.4
620,0.08
621,8.8
622,0.12
623,0.04
624,2.6
625,0.04
626,7.76
627,1.52
628,3.72
629,0.08
630,34.4
631,0.08
632,0.04
633,0.04
634,4.8
635,9.96
636,0.4
637,0.16
638,0.4
639,0.4
640,0.12
641,0.24
642,0.12
643,0.04
644,0.12
645,0.04
646,0.12
647,0.04
648,0.04
649,3.8
650,11.72
651,0.08
652,0.08
653,5.92
654,0.04
655,2.04
656,1.28
657,0.04
658,0.04
659,0.04
660,3.4
661,0.08
662,0.04
663,8.8
664,0.04
665,7.36
666,0.08
667,0.16
668,5.68
669,9.4
670,13.36
671,6.16
672,0.04
673,0.08
674,16.68
675,0.04
676,0.04
677,1.2
678,0.88
679,0.08
680,0.04
681,1.96
682,1.56
683,0.04
684,0.04
685,1.52
686,0.16
687,2.16
688,0.04
689,0.04
690,0.04
691,0.04
692,1.36
693,0.12
694,1.76
695,0.04
696,0.16
697,1.48
698,0.04
699,0.04
700,0.04
701,0.04
702,1.56
703,0.04
704,0.08
705,1.56
706,0.04
707,0.08
708,0.92
709,0.16
710,0.04
711,0.12
712,0.04
713,1.72
714,0.04
715,2.28
716,0.08
717,2.72
718,0.04
719,3.0
720,0.08
721,0.04
722,2.56
723,3.16
724,4.12
725,0.04
726,3.24
727,2.08
728,1.64
729,0.04
730,0.04
731,3.16
732,0.04
733,4.52
734,0.08
735,1.48
736,0.04
737,0.04
738,0.24
739,0.08
740,0.2
741,4.68
742,0.04
743,21.04
744,0.04
745,6.48
746,0.12
747,0.12
748,6.76
749,0.32
750,0.04
751,0.04
752,0.04
753,0.04
754,0.04
755,16.16
756,0.04
757,0.12
758,4.72
759,0.16
760,0.12
761,0.04
762,13.28
763,0.2
764,0.04
765,0.04
766,1.72
767,0.08
768,12.12
769,0.08
770,0.08
771,0.04
772,0.04
773,0.04
774,0.04
775,0.32
776,0.52
777,11.76
778,0.16
779,0.04
780,0.04
781,16.28
782,0.08
783,23.84
784,2.84
785,0.04
786,13.84
787,2.2
788,5.36
789,4.6
790,53.92
791,0.12
792,0.04
793,0.04
794,23.28
795,0.04
796,0.04
797,2.32
798,0.08
799,0.04
800,4.28
801,0.04
802,3.92
803,2.88
804,0.04
805,0.04
806,0.04
807,2.24
808,4.32
809,0.04
810,0.12
811,0.2
812,0.08
813,0.04
814,0.08
815,3.84
816,0.04
817,3.24
818,0.16
819,0.8
820,0.2
821,0.12
822,0.04
823,0.04
824,2.48
825,0.04
826,0.04
827,0.04
828,0.08
829,1.56
830,0.04
831,0.92
832,0.12
833,0.08
834,0.56
835,0.44
836,0.16
837,0.16
838,6.56
839,0.16
840,2.84
841,6.48
842,0.04
843,1.84
844,0.04
845,2.4
846,0.16
847,3.2
848,0.04
849,0.04
850,2.84
851,0.04
852,0.04
853,3.08
854,0.04
855,0.04
856,1.96
857,0.08
858,0.04
859,2.88
860,0.04
861,0.12
862,1.88
863,0.08
864,0.04
865,0.08
866,0.08
867,0.08
868,0.04
869,0.04
870,0.04
871,0.04
872,0.08
873,0.2
874,2.24
875,0.04
876,0.04
877,0.04
878,0.04
879,5.84
880,0.32
881,7.12
882,16.52
883,12.92
884,0.08
885,0.04
886,0.08
887,0.12
888,0.04
889,0.48
890,0.16
891,0.24
892,0.08
893,0.04
894,8.16
895,0.56
896,0.08
897,0.4
898,0.2
899,0.08
900,0.04
901,7.28
902,0.04
903,11.04
904,0.04
905,1.4
906,0.24
907,0.04
908,2.08
909,0.04
910,5.64
911,0.04
912,0.04
913,3.52
914,2.56
915,0.04
916,7.36
917,0.04
918,10.2
919,5.72
920,0.04
921,2.76
922,27.52
923,0.04
924,0.04
925,0.04
926,26.8
927,0.12
928,2.08
929,0.04
930,0.04
931,0.04
932,0.04
933,3.04
934,6.68
935,0.04
936,0.04
937,3.0
938,6.88
939,0.04
940,3.64
941,6.6
942,0.04
943,35.88
944,0.08
945,0.04
946,6.36
947,0.04
948,0.04
949,0.08
950,3.0
951,0.04
952,2.4
953,0.16
954,0.08
955,0.92
956,0.04
957,0.04
958,0.04
959,2.84
960,0.04
961,2.72
962,0.04
963,1.28
964,0.08
965,0.04
966,2.08
967,0.04
968,0.08
969,0.04
970,0.12
971,6.2
972,0.08
973,5.16
974,0.04
975,0.04
976,0.04
977,0.04
978,0.04
979,19.52
980,0.04
981,17.8
982,12.52
983,0.16
984,0.04
985,0.04
986,0.04
987,2.44
988,0.04
989,0.04
990,0.04
991,0.16
992,1.88
993,0.04
994,3.24
995,4.12
996,0.04
997,2.24
998,0.04
999,16.04
1000,0.04
1001,45.52
1002,0.04
1003,0.04
1004,0.08
1005,37.44
1006,0.04
1007,28.32
1008,0.08
1009,4.4
1010,0.12
1011,0.04
1012,2.72
1013,0.04
1014,0.04
1015,6.24
1016,0.04
1017,0.04
1018,0.04
1019,4.8
1020,10.64
1021,0.04
1022,4.4
1023,0.16
1024,0.04
1025,5.52
1026,0.04
1027,10.44
1028,4.6
1029,0.44
1030,0.04
1031,0.72
1032,0.12
1033,23.52
1034,9.2
1035,0.04
1036,5.6
1037,0.04
1038,0.04
1039,2.04
1040,1.68
1041,0.04
1042,4.44
1043,0.28
1044,29.48
1045,0.36
1046,0.24
1047,0.04
1048,0.12
1049,3.52
1050,0.04
1051,0.04
1052,29.44
1053,0.08
1054,4.12
1055,0.04
1056,0.04
1057,0.04
1058,4.0
1059,0.32
1060,0.04
1061,0.88
1062,3.56
1063,0.04
1064,23.76
1065,3.52
1066,0.04
1067,11.24
1068,8.84
1069,4.32
1070,4.32
1071,0.64
1072,38.36
1073,0.04
1074,0.08
1075,0.04
1076,0.04
1077,0.04
1078,0.12
1079,0.04
1080,0.04
1081,0.08
1082,0.04
1083,0.08
1084,112.72
1085,12.08
1086,13.88
1087,10.28
1088,0.12
1089,0.2
1090,4.08
1091,0.04
1092,2.92
1093,3.84
1094,5.2
1095,24.64
1096,0.08
1097,3.88
1098,0.04
1099,0.04
1100,4.84
1101,0.04
1102,1.84
1103,0.04
1104,1.64
1105,0.04
1106,0.04
1107,2.28
1108,0.04
1109,0.04
1110,0.04
1111,0.12
1112,0.04
1113,0.04
1114,0.04
1115,1.8
1116,2.08
1117,0.12
1118,0.04
1119,0.92
1120,0.04
1121,0.08
1122,1.32
1123,0.04
1124,2.2
1125,0.04
1126,0.04
1127,0.04
1128,0.04
1129,1.52
1130,0.04
1131,2.32
1132,0.04
1133,0.04
1134,0.12
1135,1.64
1136,0.04
1137,0.88
1138,2.28
1139,0.04
1140,2.88
1141,2.88
1142,2.0
1143,0.04
1144,2.04
1145,0.04
1146,3.28
1147,0.04
1148,3.8
1149,0.08
1150,1.72
1151,0.04
1152,0.04
1153,0.04
1154,0.04
1155,0.04
1156,0.04
1157,2.6
1158,0.04
1159,0.04
1160,1.92
1161,0.04
1162,2.6
1163,0.08
1164,3.2
1165,0.04
1166,0.04
1167,0.04
1168,1.72
1169,2.76
1170,0.04
1171,1.6
1172,0.04
1173,0.04
1174,0.04
1175,0.04
1176,0.04
1177,0.04
1178,0.04
1179,0.04
1180,0.08
1181,0.04
1182,0.08
1183,0.2
1184,0.08
1185,0.04
1186,0.04
1187,0.04
1188,2.44
1189,0.16
1190,0.04
1191,0.04
1192,2.8
1193,0.04
1194,0.08
1195,0.04
1196,2.24
1197,3.28
1198,0.04
1199,0.04
1200,2.16
1201,0.12
1202,1.08
1203,0.04
1204,2.16
1205,0.04
1206,1.88
1207,0.2
1208,0.04
1209,2.96
1210,0.04
1211,2.8
1212,0.08
1213,0.04
1214,0.04
1215,2.04
1216,4.32
1217,0.04
1218,1.76
1219,0.2
1220,0.04
1221,1.28
1222,0.04
1223,2.4
1224,0.04
1225,25.04
1226,0.12
1227,0.08
1228,3.4
1229,0.08
1230,13.84
1231,0.08
1232,19.64
1233,0.04
1234,17.24
1235,0.04
1236,0.04
1237,21.28
1238,0.08
1239,3.36
1240,0.04
1241,1.68
1242,5.32
1243,0.08
1244,4.44
1245,0.04
1246,3.8
1247,0.12
1248,0.2
1249,0.04
1250,3.28
1251,6.68
1252,4.16
1253,0.04
1254,3.76
1255,5.32
1256,0.08
1257,0.04
1258,0.04
1259,0.16
1260,0.08
1261,1.88
1262,0.08
1263,0.04
1264,0.04
1265,77.68
1266,0.04
1267,0.12
1268,0.04
1269,0.04
1270,0.04
1271,0.12
1272,0.04
1273,34.12
1274,0.08
1275,0.08
1276,0.04
1277,0.08
1278,0.04
1279,0.04
1280,0.08
1281,0.04
1282,0.04
1283,0.04
1284,0.08
1285,0.04
1286,0.04
1287,0.04
1288,20.84
1289,0.24
1290,0.04
1291,0.04
1292,0.04
1293,0.04
1294,0.04
1295,0.36
1296,0.12
1297,0.12
1298,0.08
1299,0.08
1300,0.04
1301,0.12
1302,0.04
1303,0.08
1304,0.16
1305,0.12
1306,0.48
1307,20.8
1308,0.04
1309,0.04
1310,0.04
1311,0.04
1312,0.08
1313,0.04
1314,0.04
1315,0.04
1316,0.04
1317,0.12
1318,3.96
1319,0.04
1320,0.2
1321,8.0
1322,0.04
1323,6.96
1324,18.96
1325,0.08
1326,0.8
1327,11.08
1328,0.04
1329,0.04
1330,0.08
1331,0.08
1332,0.08
1333,3.44
1334,0.28
1335,0.04
1336,0.04
1337,0.04
1338,17.32
1339,0.2
1340,0.04
1341,0.08
1342,0.04
1343,10.64
1344,11.52
1345,0.04
1346,0.04
1347,21.8
1348,0.04
1349,7.36
1350,0.04
1351,0.04
1352,3.44
1353,0.04
1354,0.04
1355,310.08
1356,0.08
1357,0.08
1358,19.68
1359,37.56
1360,0.04
1361,0.04
1362,0.04
1363,10.8
1364,0.04
1365,0.04
1366,12.92
1367,0.04
1368,0.08
1369,15.64
1370,181.24
1371,0.04
1372,12.36
1373,3.12
1374,0.04
1375,2.32
1376,3.04
1377,0.04
1378,3.4
1379,0.08
1380,0.04
1381,0.04
1382,4.48
1383,0.04
1384,19.72
1385,0.12
1386,21.32
1387,0.2
1388,0.04
1389,2.84
1390,0.04
1391,0.08
1392,31.08
1393,0.12
1394,26.92
1395,7.96
1396,0.04
1397,0.12
1398,0.08
1399,0.2
1400,0.68
1401,14.68
1402,11.2
1403,0.04
1404,0.04
1405,18.0
1406,0.44
1407,0.04
1408,0.04
1409,0.04
1410,0.16
1411,0.08
1412,0.08
1413,2.84
1414,0.08
1415,0.04
1416,0.04
1417,0.04
1418,1.96
1419,0.04
1420,0.04
1421,3.48
1422,0.04
1423,83.88
1424,9.76
1425,10.12
1426,0.04
1427,8.64
1428,5.24
1429,2.16
1430,13.24
1431,1.36
1432,0.04
1433,4.84
1434,0.04
1435,1.52
1436,0.04
1437,112.08
1438,7.32
1439,0.12
1440,0.08
1441,0.44
1442,0.2
1443,0.32
1444,0.04
1445,0.16
1446,0.08
1447,0.04
1448,0.04
1449,0.04
1450,0.12
1451,4.36
1452,0.04
1453,0.28
1454,0.16
1455,0.32
1456,0.16
1457,0.32
1458,0.04
1459,0.16
1460,5.4
1461,0.04
1462,0.04
1463,32.32
1464,0.04
1465,3.16
1466,10.44
1467,3.2
1468,0.04
1469,12.64
1470,0.12
1471,0.04
1472,22.8
1473,2.24
1474,11.08
1475,0.04
1476,5.4
1477,0.04
1478,31.72
1479,0.04
1480,1.44
1481,0.04
1482,4.96
1483,0.2
1484,0.04
1485,1.2
1486,0.04
1487,2.4
1488,8.12
1489,0.08
1490,0.04
1491,8.0
1492,0.04
1493,2.76
1494,0.08
1495,28.6
1496,0.04
1497,0.04
1498,22.44
1499,0.04
1500,3.2
1501,0.04
1502,13.92
1503,0.12
1504,1.96
1505,2.32
1506,0.04
1507,73.56
1508,34.4
1509,0.04
1510,34.36
1511,46.4
1512,0.16
1513,0.04
1514,1.4
1515,0.04
1516,0.04
1517,0.04
1518,0.08
1519,0.08
1520,0.68
1521,0.04
1522,0.04
1523,0.04
1524,1.36
1525,0.04
1526,6.16
1527,1.12
1528,0.04
1529,0.04
1530,1.28
1531,0.04
1532,2.0
1533,0.04
1534,0.04
1535,0.04
1536,0.04
1537,6.72
1538,0.12
1539,1.6
1540,0.04
1541,7.48
1542,6.44
1543,5.56
1544,0.04
1545,0.64
1546,1.84
1547,0.08
1548,2.84
1549,0.08
1550,8.12
1551,1.68
1552,2.04
1553,0.04
1554,4.0
1555,1.92
1556,2.92
1557,6.48
1558,3.2
1559,3.24
1560,3.8
1561,0.04
1562,2.28
1563,0.04
1564,2.4
1565,0.04
1566,1.48
1567,47.4
1568,0.04
1569,24.04
1570,0.12
1571,0.04
1572,12.36
1573,0.24
1574,0.04
1575,15.44
1576,0.08
1577,0.04
1578,15.52
1579,10.84
1580,0.04
1581,5.24
1582,7.92
1583,0.04
1584,0.04
1585,11.76
1586,0.04
1587,7.36
1588,0.04
1589,8.84
1590,0.08
1591,3.84
1592,4.68
1593,0.12
1594,0.04
1595,7.76
1596,8.56
1597,3.64
1598,4.76
1599,0.16
1600,0.04
1601,3.64
1602,0.08
1603,7.44
1604,0.08
1605,0.16
1606,0.04
1607,0.04
1608,0.12
1609,0.04
1610,0.04
1611,0.16
1612,1.2
1613,0.04
1614,1.88
1615,4.0
1616,0.04
1617,0.76
1618,0.72
1619,0.24
1620,6.32
1621,0.04
1622,0.04
1623,24.8
1624,9.84
1625,0.04
1626,0.08
1627,3.56
1628,2.04
1629,43.96
1630,0.04
1631,0.04
1632,0.04
1633,0.04
1634,17.28
1635,0.12
1636,0.04
1637,0.04
1638,0.12
1639,15.64
1640,0.04
1641,0.08
1642,0.04
1643,2.84
1644,0.04
1645,32.0
1646,0.04
1647,0.04
1648,2.04
1649,0.08
1650,10.92
1651,0.08
1652,0.04
1653,0.04
1654,0.04
1655,26.68
1656,32.76
1657,0.04
1658,0.08
1659,0.08
1660,5.84
1661,3.32
1662,0.08
1663,0.04
1664,1.92
1665,0.04
1666,0.04
1667,2.32
1668,0.08
1669,3.68
1670,0.12
1671,4.76
1672,5.48
1673,0.04
1674,11.72
1675,12.68
1676,0.04
1677,14.12
1678,12.72
1679,0.04
1680,0.08
1681,33.28
1682,20.44
1683,0.04
1684,17.84
1685,0.04
1686,0.04
1687,0.04
1688,18.88
1689,20.04
1690,11.72
1691,0.16
1692,0.04
1693,0.08
1694,0.08
1695,0.08
1696,0.04
1697,0.24
1698,0.04
1699,0.04
1700,0.04
1701,0.04
1702,0.88
1703,3.24
1704,0.04
1705,0.04
1706,2.0
1707,0.04
1708,0.08
1709,3.72
1710,0.04
1711,14.32
1712,0.04
1713,5.8
1714,0.04
1715,0.04
1716,0.04
1717,0.08
1718,16.4
1719,0.36
1720,1.84
1721,0.08
1722,0.04
1723,0.04
1724,0.04
1725,4.56
1726,0.04
1727,3.2
1728,0.04
1729,0.08
1730,1.64
1731,0.04
1732,0.72
1733,0.08
1734,0.16
1735,0.04
1736,0.24
1737,0.08
1738,0.04
1739,0.08
1740,1.92
1741,2.4
1742,0.08
1743,0.04
1744,4.72
1745,0.08
1746,0.04
1747,0.16
1748,0.04
1749,0.08
1750,1.36
1751,22.08
1752,3.52
1753,29.32
1754,0.04
1755,0.04
1756,0.04
1757,0.04
1758,0.04
1759,0.08
1760,0.08
1761,0.04
1762,0.36
1763,0.12
1764,0.12
1765,0.04
1766,0.08
1767,0.04
1768,0.04
1769,0.04
1770,0.08
1771,0.08
1772,0.04
1773,0.08
1774,2.88
1775,0.04
1776,12.8
1777,0.04
1778,6.12
1779,3.2
1780,17.68
1781,15.48
1782,0.04
1783,0.04
1784,0.04
1785,0.04
1786,0.04
1787,0.2
1788,0.04
1789,0.04
1790,0.04
1791,0.04
1792,0.04
1793,0.04
1794,8.96
1795,0.04
1796,0.04
1797,0.04
1798,0.04
1799,0.04
1800,7.44
1801,0.04
1802,0.04
1803,0.16
1804,0.08
1805,13.96
1806,0.08
1807,0.04
1808,0.08
1809,0.04
1810,14.76
1811,0.04
1812,0.12
1813,0.04
1814,1.68
1815,0.04
1816,0.4
1817,0.16
1818,0.04
1819,0.12
1820,0.04
1821,2.92
1822,0.24
1823,1.32
1824,3.56
1825,0.04
1826,0.08
1827,3.44
1828,0.04
1829,0.04
1830,1.6
1831,0.04
1832,0.08
1833,0.2
1834,0.04
1835,0.6
1836,0.04
1837,2.76
1838,2.32
1839,2.32
1840,0.12
1841,0.04
1842,0.04
1843,13.52
1844,2.8
1845,0.04
1846,0.12
1847,0.8
1848,0.12
1849,0.04
1850,0.04
1851,0.04
1852,2.48
1853,0.08
1854,0.28
1855,0.08
1856,0.16
1857,0.04
1858,0.6
1859,0.16
1860,0.28
1861,0.12
1862,0.04
1863,12.68
1864,0.04
1865,6.32
1866,0.04
1867,20.84
1868,0.12
1869,0.04
1870,0.04
1871,0.04
1872,24.84
1873,0.08
1874,0.04
1875,26.32
1876,0.04
1877,7.6
1878,0.04
1879,19.2
1880,21.4
1881,0.04
1882,3.32
1883,0.08
1884,0.04
1885,2.32
1886,0.4
1887,0.04
1888,0.28
1889,0.44
1890,0.08
1891,0.04
1892,0.12
1893,0.04
1894,15.84
1895,5.12
1896,0.08
1897,0.08
1898,3.16
1899,0.04
1900,24.24
1901,217.76
1902,3.72
1903,1.44
1904,4.48
1905,11.52
1906,0.12
1907,0.08
1908,0.12
1909,0.08
1910,0.04
1911,0.04
1912,0.16
1913,0.04
1914,0.04
1915,0.04
1916,0.08
1917,19.56
1918,16.36
1919,0.08
1920,14.56
1921,16.6
1922,0.04
1923,0.04
1924,2.0
1925,0.04
1926,0.12
1927,0.08
1928,8.24
1929,0.04
1930,0.04
1931,0.08
1932,1.48
1933,0.04
1934,5.36
1935,0.04
1936,1.76
1937,0.08
1938,0.04
1939,0.04
1940,0.04
1941,0.04
1942,3.32
1943,0.04
1944,0.08
1945,3.16
1946,0.24
1947,0.08
1948,0.04
1949,5.04
1950,0.04
1951,0.04
1952,0.04
1953,3.28
1954,0.04
1955,0.12
1956,4.04
1957,0.04
1958,5.04
1959,0.08
1960,7.72
1961,0.04
1962,10.52
1963,0.04
1964,0.12
1965,0.04
1966,0.04
1967,0.04
1968,0.04
1969,2.32
1970,0.04
1971,6.56
1972,0.04
1973,0.04
1974,0.04
1975,0.04
1976,2.72
1977,0.04
1978,0.04
1979,0.04
1980,0.12
1981,2.2
1982,0.12
1983,0.12
1984,0.04
1985,7.8
1986,0.08
1987,0.08
1988,0.12
1989,1.92
1990,0.04
1991,0.04
1992,2.44
1993,0.04
1994,0.04
1995,0.08
1996,3.8
1997,0.24
1998,0.12
1999,0.08
2000,4.96
2001,0.04
2002,0.04
2003,0.08
2004,0.04
2005,0.04
2006,0.04
2007,0.04
2008,0.24
2009,0.04
2010,0.12
2011,44.4
2012,0.04
2013,0.08
2014,0.04
2015,0.12
2016,0.08
2017,0.04
2018,0.12
2019,0.04
2020,0.12
2021,0.08
2022,0.2
2023,0.16
2024,0.16
2025,0.12
2026,0.2
2027,0.4
2028,10.04
2029,0.52
2030,0.08
2031,0.04
2032,0.04
2033,0.16
2034,2.68
2035,4.6
2036,3.64
2037,0.04
2038,4.12
2039,0.04
2040,0.04
2041,6.6
2042,0.28
2043,0.04
2044,0.04
2045,0.04
2046,3.32
2047,8.52
2048,0.12
2049,0.04
2050,0.04
2051,0.04
2052,9.76
2053,0.08
2054,0.08
2055,0.04
2056,9.64
2057,0.08
2058,4.52
2059,0.08
2060,0.04
2061,0.04
2062,16.16
2063,0.28
2064,0.04
2065,0.04
2066,0.04
2067,0.08
2068,0.08
2069,0.04
2070,0.04
2071,0.08
2072,0.08
2073,0.04
2074,0.2
2075,0.12
2076,0.04
2077,0.44
2078,1.04
2079,0.32
2080,0.36
2081,0.08
2082,0.48
2083,0.24
2084,0.4
2085,0.2
2086,0.08
2087,0.04
2088,0.04
2089,0.24
2090,0.12
2091,0.04
2092,0.04
2093,0.04
2094,8.44
2095,0.08
2096,9.32
2097,0.04
2098,0.04
2099,0.04
2100,0.76
2101,0.08
2102,1.36
2103,2.6
2104,0.04
2105,0.04
2106,0.16
2107,0.92
2108,0.04
2109,0.04
2110,0.08
2111,0.04
2112,0.04
2113,4.12
2114,3.04
2115,0.04
2116,7.24
2117,0.08
2118,0.04
2119,0.04
2120,0.04
2121,8.08
2122,4.68
2123,6.36
2124,0.16
2125,2.8
2126,0.08
2127,5.96
2128,0.04
2129,0.04
2130,0.04
2131,0.04
2132,0.04
2133,0.04
2134,4.08
2135,0.04
2136,0.64
2137,0.12
2138,0.28
2139,0.08
2140,3.28
2141,20.0
2142,0.04
2143,0.12
2144,5.32
2145,6.96
2146,9.16
2147,1.84
2148,6.28
2149,0.8
2150,3.68
2151,0.04
2152,0.16
2153,0.04
2154,21.08
2155,0.04
2156,0.04
2157,19.44
2158,0.24
2159,0.32
2160,0.08
2161,0.04
2162,0.04
2163,14.76
2164,0.08
2165,0.04
2166,0.04
2167,0.2
2168,5.64
2169,0.16
2170,0.08
2171,0.08
2172,0.04
2173,0.04
2174,0.12
2175,47.12
2176,0.16
2177,14.48
2178,0.04
2179,0.04
2180,0.08
2181,0.04
2182,0.04
2183,0.04
2184,0.12
2185,0.04
2186,17.64
2187,0.12
2188,38.12
2189,0.04
2190,2.88
2191,0.08
2192,15.2
2193,16.12
2194,0.04
2195,0.08
2196,9.08
2197,0.04
2198,0.08
2199,0.04
2200,0.04
2201,0.04
2202,0.04
2203,0.08
2204,0.04
2205,0.04
2206,0.04
2207,12.12
2208,0.08
2209,0.04
2210,0.04
2211,0.04
2212,3.88
2213,0.16
2214,3.32
2215,0.04
2216,2.48
2217,0.08
2218,2.84
2219,0.12
2220,5.52
2221,0.04
2222,1.28
2223,0.04
2224,4.16
2225,0.04
2226,0.04
2227,0.04
2228,1.88
2229,0.04
2230,2.08
2231,3.8
2232,0.04
2233,1.0
2234,0.04
2235,0.04
2236,4.96
2237,0.04
2238,2.48
2239,0.04
2240,0.12
2241,2.84
2242,0.04
2243,2.48
2244,1.36
2245,0.12
2246,2.4
2247,1.4
2248,13.36
2249,0.04
2250,1.56
2251,0.04
2252,0.64
2253,0.52
2254,0.04
2255,0.04
2256,0.04
2257,0.48
2258,0.12
2259,0.04
2260,0.04
2261,0.04
2262,0.04
2263,0.12
2264,0.04
2265,0.12
2266,0.4
2267,0.52
2268,11.08
2269,0.4
2270,0.12
2271,0.04
2272,0.32
2273,0.12
2274,0.04
2275,0.04
2276,13.52
2277,17.44
2278,0.16
2279,0.04
2280,0.04
2281,0.04
2282,0.08
2283,0.12
2284,0.04
2285,0.08
2286,0.04
2287,0.84
2288,16.92
2289,0.08
2290,0.08
2291,0.04
2292,1.84
2293,0.16
2294,0.04
2295,0.04
2296,0.04
2297,0.12
2298,0.08
2299,0.04
2300,0.04
2301,0.16
2302,0.08
2303,15.76
2304,0.04
2305,0.08
2306,4.76
2307,0.04
2308,0.04
2309,0.04
2310,15.36
2311,16.08
2312,0.04
2313,0.04
2314,0.08
2315,6.64
2316,0.2
2317,0.04
2318,0.04
2319,0.04
2320,0.08
2321,2.84
2322,0.04
2323,12.0
2324,0.08
2325,16.0
2326,2.6
2327,4.12
2328,2.44
2329,4.24
2330,0.04
2331,1.16
2332,0.04
2333,0.04
2334,2.0
2335,0.12
2336,0.08
2337,0.04
2338,0.04
2339,0.08
2340,1.44
2341,0.24
2342,3.0
2343,0.04
2344,2.08
2345,0.04
2346,0.04
2347,1.76
2348,0.04
2349,0.12
2350,0.08
2351,0.16
2352,2.72
2353,3.28
2354,0.12
2355,2.44
2356,0.04
2357,0.04
2358,4.04
2359,0.2
2360,0.04
2361,0.76
2362,0.04
2363,0.04
2364,0.04
2365,0.04
2366,0.04
2367,0.04
2368,0.04
2369,0.04
2370,0.44
2371,0.04
2372,0.04
2373,3.84
2374,0.04
2375,0.04
2376,1.24
2377,0.08
2378,0.12
2379,5.44
2380,0.04
2381,5.32
2382,0.04
2383,0.04
2384,0.04
2385,3.8
2386,1.4
2387,0.04
2388,2.44
2389,0.04
2390,2.56
2391,1.6
2392,0.04
2393,14.32
2394,0.04
2395,7.08
2396,0.04
2397,5.96
2398,0.04
2399,0.04
2400,5.32
2401,0.04
2402,2.24
2403,0.08
2404,3.92
2405,0.04
2406,0.2
2407,4.6
2408,0.04
2409,0.04
2410,4.2
2411,0.04
2412,0.04
2413,0.08
2414,0.04
2415,5.4
2416,0.04
2417,0.04
2418,0.12
2419,0.44
2420,0.04
2421,0.04
2422,10.52
2423,0.04
2424,0.08
2425,0.04
2426,10.4
2427,0.04
2428,0.04
2429,0.04
2430,10.44
2431,0.04
2432,15.52
2433,0.04
2434,0.04
2435,0.04
2436,0.04
2437,10.04
2438,0.04
2439,13.92
2440,0.04
2441,39.16
2442,0.04
2443,0.04
2444,0.08
2445,3.28
2446,0.04
2447,0.04
2448,5.56
2449,10.52
2450,0.08
2451,0.04
2452,5.08
2453,0.04
2454,0.04
2455,0.04
2456,0.04
2457,0.04
2458,0.04
2459,0.16
2460,3.96
2461,0.16
2462,0.16
2463,0.08
2464,0.16
2465,0.08
2466,0.04
2467,0.04
2468,0.08
2469,0.04
2470,0.04
2471,74.96
2472,0.24
2473,0.12
2474,7.6
2475,4.88
2476,0.04
2477,0.04
2478,0.08
2479,0.08
2480,0.08
2481,0.04
2482,0.04
2483,0.44
2484,0.04
2485,0.04
2486,0.04
2487,2.88
2488,0.08
2489,0.04
2490,0.04
2491,3.76
2492,5.92
2493,20.28
2494,0.04
2495,0.04
2496,15.76
2497,0.04
2498,0.0
2499,14.24
2500,0.04
2501,53.4
2502,10.68
2503,0.04
2504,0.08
2505,0.08
2506,4.28
2507,0.04
2508,7.64
2509,0.04
2510,0.08
2511,3.72
2512,0.04
2513,2.56
2514,0.04
2515,0.04
2516,0.04
2517,2.36
2518,0.04
2519,0.04
2520,3.04
2521,0.04
2522,0.16
2523,0.04
2524,3.28
2525,0.16
2526,0.04
2527,0.28
2528,1.6
2529,0.04
2530,0.04
2531,0.04
2532,0.04
2533,0.04
2534,16.36
2535,0.04
2536,0.04
2537,0.2
2538,0.12
2539,4.52
2540,0.28
2541,0.04
2542,0.04
2543,0.04
2544,0.04
2545,0.04
2546,20.04
2547,0.04
2548,6.32
2549,0.08
2550,0.04
2551,6.2
2552,0.04
2553,3.88
2554,0.04
2555,7.04
2556,0.08
2557,0.12
2558,3.16
2559,0.12
2560,1.32
2561,4.88
2562,0.08
2563,1.28
2564,0.24
2565,2.4
2566,0.12
2567,1.4
2568,0.04
2569,0.04
2570,1.44
2571,0.04
2572,0.04
2573,0.08
2574,3.52
2575,0.04
2576,3.96
2577,3.04
2578,2.36
2579,0.04
2580,0.08
2581,2.48
2582,0.04
2583,0.04
2584,0.04
2585,4.2
2586,4.8
2587,0.04
2588,0.04
2589,46.24
2590,0.08
2591,4.56
2592,0.08
2593,0.04
2594,1.8
2595,0.04
2596,3.2
2597,0.04
2598,2.04
2599,0.08
2600,3.76
2601,0.04
2602,0.08
2603,2.64
2604,8.72
2605,17.08
2606,0.04
2607,0.08
2608,9.2
2609,21.16
2610,0.08
2611,3.64
2612,0.08
2613,0.04
2614,0.04
2615,25.88
2616,0.12
2617,0.16
2618,0.04
2619,0.04
2620,0.2
2621,0.04
2622,0.08
2623,0.08
2624,0.08
2625,0.04
2626,0.04
2627,1.0
2628,0.32
2629,0.04
2630,0.08
2631,0.08
2632,0.04
2633,72.0
2634,14.88
2635,2.32
2636,0.04
2637,1.64
2638,12.12
2639,0.04
2640,7.56
2641,0.04
2642,9.16
2643,1.28
2644,0.16
2645,0.04
2646,0.04
2647,28.92
2648,0.04
2649,2.0
2650,0.04
2651,0.04
2652,0.04
2653,1.28
2654,29.32
2655,0.2
2656,0.08
2657,0.04
2658,3.4
2659,0.04
2660,0.04
2661,2.72
2662,28.2
2663,0.04
2664,30.28
2665,0.04
2666,32.6
2667,0.04
2668,0.2
2669,0.16
2670,0.2
2671,0.04
2672,0.04
2673,16.72
2674,15.84
2675,0.08
2676,22.6
2677,0.24
2678,17.4
2679,11.88
2680,11.6
2681,9.88
2682,0.04
2683,0.04
2684,3.64
2685,0.04
2686,0.04
2687,0.08
2688,0.04
2689,0.08
2690,0.04
2691,0.04
2692,0.04
2693,0.12
2694,4.8
2695,0.04
2696,0.04
2697,0.04
2698,0.04
2699,0.04
2700,0.08
2701,0.08
2702,0.04
2703,10.56
2704,0.16
2705,0.04
2706,0.16
2707,0.04
2708,0.04
2709,0.04
2710,5.88
2711,0.04
2712,0.04
2713,15.28
2714,1.6
2715,0.12
2716,0.52
2717,0.2
2718,1.68
2719,3.96
2720,0.04
2721,0.96
2722,0.12
2723,0.04
2724,0.08
2725,2.0
2726,0.04
2727,4.04
2728,0.04
2729,1.68
2730,0.08
2731,0.12
2732,0.04
2733,0.04
2734,0.12
2735,0.04
2736,0.36
2737,0.52
2738,0.04
2739,0.08
2740,0.04
2741,0.08
2742,0.04
2743,0.04
2744,0.04
2745,0.04
2746,0.04
2747,0.16
2748,5.24
2749,0.04
2750,0.04
2751,0.04
2752,2.72
2753,0.04
2754,0.04
2755,0.08
2756,1.52
2757,0.12
2758,1.04
2759,0.04
2760,12.28
2761,0.08
2762,6.64
2763,8.4
2764,38.96
2765,0.16
2766,1.4
2767,0.04
2768,0.08
2769,0.88
2770,8.48
2771,9.24
2772,0.04
2773,4.36
2774,0.04
2775,7.4
2776,0.2
2777,0.12
2778,0.08
2779,0.04
2780,4.92
2781,3.4
2782,0.08
2783,5.92
2784,0.04
2785,0.04
2786,0.08
2787,0.12
2788,0.84
2789,0.04
2790,7.04
2791,0.68
2792,0.96
2793,0.04
2794,1.92
2795,0.04
2796,0.52
2797,0.04
2798,0.6
2799,0.04
2800,0.32
2801,0.28
2802,0.04
2803,0.52
2804,11.88
2805,2.28
2806,0.04
2807,1.28
2808,0.24
2809,1.72
2810,0.12
2811,0.04
2812,2.28
2813,0.04
2814,1.0
2815,0.92
2816,1.68
2817,2.24
2818,0.08
2819,2.16
2820,0.08
2821,0.04
2822,5.88
2823,0.04
2824,48.12
2825,0.12
2826,0.04
2827,0.04
2828,0.04
2829,10.24
2830,10.24
2831,0.04
2832,13.64
2833,0.12
2834,0.04
2835,21.0
2836,0.04
2837,0.04
2838,5.6
2839,0.04
2840,0.04
2841,0.04
2842,0.04
2843,0.76
2844,0.2
2845,25.12
2846,5.36
2847,0.12
2848,13.52
2849,0.04
2850,1.32
2851,6.92
2852,0.12
2853,1.84
2854,0.04
2855,0.04
2856,6.92
2857,0.2
2858,0.04
2859,7.4
2860,0.04
2861,4.64
2862,0.04
2863,4.2
2864,0.04
2865,2.16
2866,6.12
2867,0.28
2868,0.04
2869,2.04
2870,0.08
2871,9.4
2872,0.04
2873,0.04
2874,0.04
2875,0.04
2876,5.72
2877,0.08
2878,0.04
2879,29.44
2880,44.64
2881,10.48
2882,0.04
2883,0.04
2884,6.68
2885,9.52
2886,11.96
2887,4.92
2888,1.84
2889,0.08
2890,0.04
2891,0.08
2892,3.8
2893,0.04
2894,0.04
2895,0.04
2896,8.68
2897,6.92
2898,0.04
2899,10.32
2900,0.04
2901,2.04
2902,0.04
2903,6.0
2904,0.08
2905,5.08
2906,0.04
2907,6.48
2908,0.04
2909,1.0
2910,2.04
2911,0.08
2912,2.16
2913,3.68
2914,0.04
2915,3.2
2916,2.76
2917,0.04
2918,0.04
2919,1.28
2920,0.04
2921,2.92
2922,0.08
2923,24.12
2924,11.68
2925,0.04
2926,0.08
2927,1.76
2928,0.04
2929,0.2
2930,0.04
2931,0.08
2932,1.04
2933,0.04
2934,0.04
2935,0.04
2936,1.6
2937,0.04
2938,19.96
2939,0.04
2940,5.24
2941,0.04
2942,30.16
2943,0.04
2944,9.24
2945,0.04
2946,2.24
2947,15.2
2948,0.04
2949,5.36
2950,0.04
2951,0.04
2952,0.04
2953,0.04
2954,0.08
2955,1.64
2956,0.12
2957,0.12
2958,0.04
2959,2.52
2960,0.04
2961,0.12
2962,13.96
2963,0.12
2964,0.04
2965,0.16
2966,28.88
2967,0.12
2968,23.04
2969,0.04
2970,0.04
2971,0.04
2972,25.44
2973,0.04
2974,0.04
2975,5.32
2976,0.04
2977,2.28
2978,0.04
2979,5.96
2980,5.0
2981,10.44
2982,0.04
2983,0.12
2984,0.08
2985,0.12
2986,1.24
2987,0.04
2988,2.84
2989,0.04
2990,2.2
2991,0.12
2992,4.68
2993,0.04
2994,0.04
2995,0.08
2996,0.28
2997,12.08
2998,0.04
2999,9.8
3000,1.36
3001,2.56
3002,18.72
3003,0.04
3004,0.04
3005,0.12
3006,4.76
3007,0.04
3008,13.24
3009,2.12
3010,0.04
3011,11.72
3012,0.68
3013,0.04
3014,0.04
3015,6.36
3016,0.04
3017,0.12
3018,0.04
3019,0.04
3020,0.04
3021,0.04
3022,0.08
3023,0.04
3024,0.04
3025,0.04
3026,2.52
3027,0.04
3028,0.04
3029,0.04
3030,0.04
3031,0.04
3032,0.04
3033,0.04
3034,19.24
3035,2.0
3036,0.28
3037,14.64
3038,0.12
3039,0.2
3040,0.04
3041,12.72
3042,0.24
3043,0.04
3044,11.36
3045,0.04
3046,0.04
3047,0.08
3048,0.04
3049,0.12
3050,0.08
3051,0.04
3052,4.8
3053,1.32
3054,53.24
3055,0.04
3056,6.44
3057,0.12
3058,0.04
3059,0.04
3060,0.04
3061,0.04
3062,2.64
3063,0.08
3064,2.44
3065,1.4
3066,0.04
3067,0.08
3068,2.72
3069,0.08
3070,2.48
3071,0.04
3072,1.48
3073,4.84
3074,2.6
3075,0.04
3076,8.08
3077,2.2
3078,5.68
3079,0.04
3080,8.28
3081,0.28
3082,0.04
3083,1.16
3084,0.04
3085,28.96
3086,0.2
3087,0.04
3088,0.08
3089,0.04
3090,0.2
3091,0.04
3092,0.04
3093,0.08
3094,0.04
3095,0.04
3096,0.04
3097,0.04
3098,2.88
3099,0.04
3100,0.04
3101,26.64
3102,0.04
3103,0.04
3104,0.12
3105,0.04
3106,6.48
3107,3.6
3108,0.04
3109,0.08
3110,2.2
3111,0.04
3112,0.04
3113,0.04
3114,3.56
3115,15.92
3116,0.04
3117,3.16
3118,3.48
3119,0.04
3120,0.04
3121,0.12
3122,8.96
3123,0.24
3124,0.04
3125,15.64
3126,0.04
3127,0.04
3128,19.52
3129,29.32
3130,0.04
3131,0.08
3132,5.24
3133,0.04
3134,0.04
3135,0.04
3136,1.44
3137,0.16
3138,0.08
3139,2.72
3140,0.04
3141,0.04
3142,0.04
3143,0.08
3144,1.88
3145,0.04
3146,0.12
3147,0.2
3148,0.08
3149,0.12
3150,0.04
3151,32.52
3152,0.12
3153,0.04
3154,0.04
3155,0.04
3156,0.04
3157,0.2
3158,1.04
3159,0.04
3160,0.04
3161,0.04
3162,6.08
3163,0.04
3164,1.76
3165,0.32
3166,0.04
3167,1.48
3168,0.12
3169,0.32
3170,0.04
3171,0.12
3172,0.32
3173,0.08
3174,0.04
3175,0.16
3176,0.08
3177,0.12
3178,1.4
3179,0.04
3180,0.28
3181,1.08
3182,0.04
3183,0.12
3184,0.04
3185,0.04
3186,0.96
3187,0.12
3188,0.12
3189,0.24
3190,0.72
3191,0.04
3192,0.04
3193,0.04
3194,0.12
3195,0.68
3196,0.04
3197,0.08
3198,0.08
3199,0.04
3200,7.04
3201,0.04
3202,0.12
3203,2.48
3204,0.32
3205,0.04
3206,0.04
3207,0.04
3208,0.04
3209,3.08
3210,0.08
3211,0.16
3212,0.32
3213,4.64
3214,0.08
3215,32.48
3216,0.04
3217,2.6
3218,0.36
3219,0.0
3220,0.04
3221,72.68
3222,1180.8
3223,1099.68
3224,1069.44
3225,1215.84
